{
  "name": "QualityEffectsFixed2",
  "version": "0.1.5",
  "title": "Quality Effects Fixed 2",
  "author": "Tsumiki Miniwa",
  "factorio_version": "2.0",
  "description": "Extra fixes and crash handling, Forked from: Quality now adds module slots in assembling machines. Forked from Andrey135296's version of the mod to partially work with Maraxsis.",
  "dependencies": [
    "base >= 2.0.23", 
    "quality >= 2.0.23", 
    "? space-age >= 2.0.23",
    "? maraxsis",
    "? kry-all-planet-mods"
  ]
}
